,Episode,Steps,Score
0,0,20,-0.5580607899412009
1,4,75,-0.4426703179656995
2,8,122,0.5239281896081074
3,12,168,-0.43120241540245524
4,16,223,0.23332652910907525
5,20,284,-0.3670864708887011
6,24,364,0.5092383320175676
7,28,444,1.0892333558639176
8,32,519,0.9220519777459598
9,36,572,-0.5117428311939115
10,40,652,-0.023989486268788163
11,44,728,-0.10390720618505626
12,48,798,0.20619810950841364
13,52,847,-0.601686348461669
14,56,927,-0.33836673893813374
15,60,992,1.258780063205387
16,64,1072,-0.5805464380478726
17,68,1083,0.8828775655155524
18,72,1135,-0.577682779935811
19,76,1197,0.7315159903014068
20,80,1257,-0.044839487961253505
21,84,1287,-1.203778483078959
22,88,1342,0.17228480419310732
23,92,1422,1.0441304804360751
24,96,1491,1.0258615869184624
25,100,1571,-0.10122806893651637
26,104,1616,-0.16708439019367327
27,108,1672,-0.5934681056877404
28,112,1708,-0.03959246437891789
29,116,1768,0.7411324920041162
30,120,1819,-0.18861613387159734
31,124,1864,0.08244628776869628
32,128,1916,0.0819973617189956
33,132,1969,0.07614862344027232
34,136,2043,0.010723180737695598
35,140,2100,1.041353709333595
36,144,2140,1.3074707373451713
37,148,2205,0.2909285341171142
38,152,2257,-0.4092534126207606
39,156,2326,-0.4082455325155448
40,160,2363,1.4011680940804838
41,164,2424,0.6871721233201321
42,168,2487,1.0338572871902965
43,172,2552,0.9409334421499673
44,176,2603,0.9623832619946918
45,180,2656,0.09632481965366733
46,184,2698,0.877154345497256
47,188,2744,-0.07569415966915653
48,192,2795,1.1061710027825127
49,196,2854,-0.2506268145531744
50,200,2925,-0.3770439468733922
51,204,2973,-0.07625015486126117
52,208,3018,0.16696448684018267
53,212,3068,1.0147858029458146
54,216,3120,1.1007712520062074
55,220,3145,0.36421309888153264
56,224,3206,1.0881162723819897
57,228,3255,-0.45324498169746985
58,232,3316,0.4576625684111811
59,236,3371,0.9511543283652198
60,240,3411,0.9227305766912044
61,244,3479,1.101920846711227
62,248,3541,1.2743388686892958
63,252,3601,0.8387894617712305
64,256,3649,0.6932595678052554
65,260,3704,0.945737263918573
66,264,3763,1.0375409498716985
67,268,3826,0.24325107026738785
68,272,3868,0.8692358600233516
69,276,3919,-1.078338074353725
70,280,3973,1.1912033384391867
71,284,4009,0.7498423371881364
72,288,4063,0.8499745144260263
73,292,4093,-0.45153829830313613
74,296,4139,1.2386601359417817
75,300,4197,1.000185340385246
76,304,4247,1.4447865212439184
77,308,4295,0.7239801558801349
78,312,4347,-0.13528482363515035
79,316,4389,-0.3755732826525978
80,320,4453,1.3911307849130443
81,324,4494,1.0682921509968253
82,328,4527,0.15862696564059964
83,332,4554,0.7619708268389427
84,336,4605,0.9269171536529899
85,340,4645,0.8652618302753661
86,344,4705,1.077327709612373
87,348,4737,1.17439550643933
88,352,4802,1.2329827164118976
89,356,4848,0.9363958259224558
90,360,4884,0.8740285367251556
91,364,4925,1.109511665369594
92,368,4955,0.004334224463515918
93,372,5007,1.0844141413929567
94,376,5050,1.4363359738253245
95,380,5083,0.9582893489121751
96,384,5127,1.0105351057306273
97,388,5169,1.1437377871904102
98,392,5225,0.9102944156434766
99,396,5263,0.24599204485186765
100,400,5318,1.4270592668033535
101,404,5363,-0.09489682074674236
102,408,5411,-0.44202563930139505
103,412,5464,0.864354977456844
104,416,5508,1.0872438292899385
105,420,5553,0.5802389701415422
106,424,5608,0.7490444592080956
107,428,5645,0.8293006840723669
108,432,5688,0.9306382637013493
109,436,5727,1.0449718811721138
110,440,5771,0.952161027839492
111,444,5798,0.756255220759886
112,448,5835,1.0000958062836616
113,452,5870,0.8469455248178834
114,456,5897,0.7302895365394736
115,460,5916,0.9786211323802675
116,464,5970,1.3000600745042692
117,468,6027,1.0402886788704835
118,472,6075,0.7871297573895306
119,476,6101,0.647057664650198
120,480,6138,0.9326759122851448
121,484,6169,1.0301976944656261
122,488,6218,0.8639335688597578
123,492,6262,1.4315783915597131
124,496,6301,1.3228604033994302
125,500,6337,0.4208181592320507
126,504,6393,0.8953127812533372
127,508,6430,1.1939751780267387
128,512,6476,0.33503949966860497
129,516,6521,0.9288166406220713
130,520,6558,-0.05293636404890373
131,524,6604,0.9905281770999156
132,528,6654,1.3569579129500717
133,532,6690,0.8466727397695796
134,536,6734,1.5400290796972496
135,540,6776,1.091455255653589
136,544,6804,-0.34077819745081944
137,548,6845,0.983506505922101
138,552,6876,1.121244955359991
139,556,6941,0.7324429827806636
140,560,7003,0.7802567047155525
141,564,7046,0.981314701611238
142,568,7057,1.0702521351265328
143,572,7096,0.8996422377846827
144,576,7132,0.7852251104435164
145,580,7169,0.9335434808563328
146,584,7192,1.4990545108607234
147,588,7224,0.9656146094256818
148,592,7246,0.9156341424512983
149,596,7289,1.440469258068677
150,600,7347,1.147653673102451
151,604,7403,0.5856769553884544
152,608,7442,1.01313850208393
153,612,7501,1.1620822026151227
154,616,7547,1.2451086285950423
155,620,7584,1.241245721216631
156,624,7623,1.14690297958529
157,628,7655,1.0132892888154708
158,632,7709,0.6086685987741173
159,636,7765,1.2605674970706997
160,640,7808,1.1478399922779758
161,644,7850,1.0831743985863471
162,648,7891,0.773577074484149
163,652,7922,1.0879121267075276
164,656,7967,0.9934045443884948
165,660,8016,1.42440104701984
166,664,8040,0.9252105507209685
167,668,8079,1.005404611753351
168,672,8132,1.0581575712504354
169,676,8164,0.9544725017846185
170,680,8205,0.8877220957933611
171,684,8227,1.1280402748989642
172,688,8269,1.3181509863719174
173,692,8312,1.0584327356461394
174,696,8339,0.9259392953864481
175,700,8403,-0.8689454813832339
176,704,8441,0.17959078401240633
177,708,8478,1.1802767804850889
178,712,8515,0.8843615127378682
179,716,8544,1.2289849635469674
180,720,8603,1.0815596386037176
181,724,8625,1.166031607338297
182,728,8665,0.6893067972188351
183,732,8725,0.9762219442048313
184,736,8760,0.9730419107452193
185,740,8786,0.30245005810663583
186,744,8808,1.0224172760337396
187,748,8838,1.1441575480961474
188,752,8875,1.0772998378477743
189,756,8888,0.9979307261465002
190,760,8944,1.0062579794801112
191,764,8984,0.6156508807607826
192,768,9015,0.967242726992612
193,772,9051,0.6803576814200232
194,776,9093,0.8810229065261401
195,780,9113,1.1075122460417979
196,784,9143,1.5368111757785163
197,788,9185,-0.11023619525553126
198,792,9233,0.9368052315810746
199,796,9289,0.8098870231677269
200,800,9314,0.6657601474488111
201,804,9343,0.9819675774881413
202,808,9378,0.8562866945948842
203,812,9409,0.9057661183096077
204,816,9428,1.0803576753353228
205,820,9469,1.2952650276256628
206,824,9527,1.1914939111718121
207,828,9572,0.8342473106065161
208,832,9584,1.2362514766317734
209,836,9633,1.112131641718677
210,840,9665,0.739837292610835
211,844,9699,-0.187548102409544
212,848,9715,0.7269951070331154
213,852,9740,1.1177100498441905
214,856,9776,1.0572229780412108
215,860,9827,0.9450433389882064
216,864,9856,1.231562339192461
217,868,9887,0.9676873540976692
218,872,9915,0.996669572524886
219,876,9952,1.2675878340278617
220,880,9980,0.5652784521108164
221,884,10018,0.9901804734308802
222,888,10044,0.6907504458617844
223,892,10087,0.7273866909419553
224,896,10123,0.7284505798756062
225,900,10163,1.0790072106144681
226,904,10196,1.0559445085851302
227,908,10229,0.9514571068789246
228,912,10255,1.0895679652472252
229,916,10298,1.0797735617873532
230,920,10312,1.1576113568300666
231,924,10342,0.8948240268913678
232,928,10374,0.8011677610383303
233,932,10411,0.8330934962552059
234,936,10457,1.2052950722326363
235,940,10489,1.4885184343048445
236,944,10514,0.011585338731260442
237,948,10553,1.2299333269910995
238,952,10567,0.7766839812016685
239,956,10588,0.8904330815973932
240,960,10629,1.2365826893003504
241,964,10686,1.0013313422112864
242,968,10727,1.2791857146600007
243,972,10765,0.8886345415525012
244,976,10801,0.8292286868721196
245,980,10829,0.8531658635498228
246,984,10856,1.5853631847402792
247,988,10872,0.5661823102146196
248,992,10901,0.7893522425256218
249,996,10928,1.0902810042834128
250,1000,10953,1.7590342871391575
251,1004,10980,1.4084655054084076
252,1008,10992,1.0883388190776573
253,1012,11021,0.9571283993070644
254,1016,11050,1.3099479122904887
255,1020,11111,1.1602381723457285
256,1024,11140,0.7097128065578604
257,1028,11159,1.1158669577064104
258,1032,11203,1.099464397538648
259,1036,11228,1.55221878448867
260,1040,11287,0.8397755757236031
261,1044,11324,0.9721624733267248
262,1048,11345,0.8804075384538403
263,1052,11396,1.0689783011450427
264,1056,11420,1.1379470001397063
265,1060,11439,0.9218593058204081
266,1064,11486,0.9436514019765728
267,1068,11524,0.6656306616048772
268,1072,11573,1.1089422977290773
269,1076,11605,1.1041992831457619
270,1080,11622,1.1534899296134749
271,1084,11659,1.0475904108384249
272,1088,11683,0.9824879643211935
273,1092,11713,0.7859986760041139
274,1096,11747,1.2864371552568947
275,1100,11783,1.18685106516019
276,1104,11851,1.2583356941594364
277,1108,11909,1.1211193317902128
278,1112,11939,0.8295796160615129
279,1116,11985,1.1350711572815853
280,1120,12007,0.9193093182435255
281,1124,12030,0.8167135893054804
282,1128,12056,0.5594816611700765
283,1132,12070,0.703629555400364
284,1136,12096,1.3295935666030094
285,1140,12120,0.9472158024573941
286,1144,12150,1.1623057325993915
287,1148,12181,1.0144401450749807
288,1152,12201,1.0894454333149726
289,1156,12235,1.0293257712382753
290,1160,12269,1.3562042697475694
291,1164,12307,0.8509713231278776
292,1168,12354,1.1799947173242875
293,1172,12375,0.8975616191877751
294,1176,12401,1.223827170682476
295,1180,12427,0.7871288916997349
296,1184,12448,1.192790420636419
297,1188,12479,0.8203765016105438
298,1192,12505,0.922090459072501
299,1196,12541,0.9977995708186269
300,1200,12565,0.9158483136242266
301,1204,12585,0.8268904255194137
302,1208,12622,0.8248274822751244
303,1212,12652,0.903627741989101
304,1216,12668,0.8717235412959281
305,1220,12700,1.1784247691908865
306,1224,12716,1.097452071079554
307,1228,12747,0.9419906476376106
308,1232,12765,1.1488712686703235
309,1236,12806,1.4572916019865119
310,1240,12831,0.9789744893694983
311,1244,12857,0.9250739192821047
312,1248,12883,1.1183746846264957
313,1252,12931,0.8430840585072741
314,1256,12971,1.0461030657863626
315,1260,13010,0.7668586276962586
316,1264,13043,1.3183705668259713
317,1268,13056,1.331447730237379
318,1272,13076,0.9728813262183211
319,1276,13101,1.6479717361643207
320,1280,13144,1.1030165761973836
321,1284,13177,0.8802163233414008
322,1288,13204,0.6832579458192735
323,1292,13246,1.1069508381680309
324,1296,13273,1.2685074339535416
325,1300,13314,1.2277980207076231
326,1304,13345,1.3939013430908969
327,1308,13382,1.0013183294950243
328,1312,13394,0.8445131390993084
329,1316,13426,0.9972994259442117
330,1320,13458,0.8816839361923214
331,1324,13483,1.0171179796272023
332,1328,13513,1.0240229625860744
333,1332,13534,0.9672921635151277
334,1336,13555,0.9883513629497355
335,1340,13580,0.9067023975268744
336,1344,13601,0.4878572870820018
337,1348,13625,0.9068934347765848
338,1352,13663,0.6699687920747627
339,1356,13695,0.6636978592042018
340,1360,13722,0.9400047602901684
341,1364,13750,0.8404723379027971
342,1368,13776,0.6457313568208984
343,1372,13811,0.7836301424627112
344,1376,13844,0.42817669751951537
345,1380,13880,1.10663037302755
346,1384,13913,1.3458467023569178
347,1388,13935,1.0160962141715868
348,1392,13966,1.0382834531730196
349,1396,13996,0.9934625969256543
350,1400,14046,0.979652595957655
351,1404,14074,1.008601191475925
352,1408,14119,1.1536554709808837
353,1412,14144,0.7914112503234548
354,1416,14163,0.9559661270792731
355,1420,14192,0.5183758512301335
356,1424,14213,0.7982346320989661
357,1428,14231,1.3402859265510787
358,1432,14260,1.1018486583954243
359,1436,14282,0.8804196649958533
360,1440,14322,0.9668820780412775
361,1444,14348,1.0659367080899937
362,1448,14374,1.169634633682458
363,1452,14408,0.9360712902406212
364,1456,14433,0.9650638891430524
365,1460,14461,0.9675172038679387
366,1464,14494,1.0631534340073228
367,1468,14512,1.6821608287997525
368,1472,14547,0.7925762622395619
369,1476,14570,1.0477826777194823
370,1480,14612,0.9472692192137337
371,1484,14654,1.5071930668186448
372,1488,14685,0.982280224095055
373,1492,14709,0.9941212947221169
374,1496,14737,0.7091634288639953
375,1500,14758,1.6525925430696606
376,1504,14778,1.2281484349133378
377,1508,14807,1.3905586294035972
378,1512,14835,1.2401440053320987
379,1516,14870,1.036689173173298
380,1520,14895,0.7752708454864706
381,1524,14909,1.3347551531106954
382,1528,14934,1.1614526591043615
383,1532,14960,0.941064015410324
384,1536,14993,1.0946225150276276
385,1540,15020,0.8455853490118472
386,1544,15050,0.7360161811947388
387,1548,15076,1.0572523703919054
388,1552,15097,0.8492628309645196
389,1556,15143,0.9618656701563866
390,1560,15166,1.0504622749243644
391,1564,15205,0.9150481066388104
392,1568,15227,0.7007248841587752
393,1572,15252,1.479154746025435
394,1576,15285,0.9185370313860279
395,1580,15310,1.3130986005242649
396,1584,15329,1.2525898800016446
397,1588,15357,1.0036100762159668
398,1592,15386,0.5799188856875475
399,1596,15409,0.9650855225255095
400,1600,15437,0.7726495135851459
401,1604,15450,0.383280242510481
402,1608,15468,0.8041272640409203
403,1612,15485,0.5448056792279443
404,1616,15510,1.2414453477136818
405,1620,15537,1.2637822364116191
406,1624,15560,1.0539795887377854
407,1628,15584,1.1012524340160113
408,1632,15608,1.4818485576473925
409,1636,15631,1.1590128219445235
410,1640,15657,0.8789108824565236
411,1644,15689,1.3230849905929691
412,1648,15716,1.1717841294701965
413,1652,15751,0.9871220769018053
414,1656,15766,0.7484187541563718
415,1660,15791,0.8382758020593741
416,1664,15806,1.0437519954052625
417,1668,15839,1.1215225724799174
418,1672,15856,1.3776643101902826
419,1676,15883,0.9611385655783085
420,1680,15914,0.938612677514875
421,1684,15929,1.1060612515362809
422,1688,15966,0.5556550542857387
423,1692,15995,0.9958928172878547
424,1696,16021,0.9539502864465494
425,1700,16042,0.9840208526971728
426,1704,16070,0.9775290333761044
427,1708,16111,0.9488898769510749
428,1712,16145,1.033767637870911
429,1716,16186,0.8914984024160253
430,1720,16231,0.9204001943684711
431,1724,16254,0.8818499622636526
432,1728,16279,1.0506559290329394
433,1732,16297,0.6370728672109043
434,1736,16315,1.0213814010951667
435,1740,16340,1.110775903017436
436,1744,16389,1.103895519424631
437,1748,16418,1.2453712927480391
438,1752,16430,0.889002948967499
439,1756,16459,0.8378416382977982
440,1760,16488,1.1035120881963063
441,1764,16523,1.0448064623608317
442,1768,16556,0.49928620783179767
443,1772,16586,1.414442775392832
444,1776,16603,0.8875994795140398
445,1780,16636,0.9797112312646578
446,1784,16657,1.2042329930005868
447,1788,16691,0.8053250728020412
448,1792,16724,0.9746733690168168
449,1796,16737,1.0523538655482882
450,1800,16760,1.5944084395771214
451,1804,16776,0.976908503285432
452,1808,16806,0.9237129950150536
453,1812,16827,1.1042210508810706
454,1816,16854,0.4310133759116834
455,1820,16887,1.0448702947010036
456,1824,16909,1.035668194325643
457,1828,16936,0.8416955256847216
458,1832,16955,0.8444059402747746
459,1836,16979,0.8333284585008938
460,1840,17001,0.8649708331569388
461,1844,17030,0.8014931274671502
462,1848,17056,1.3509371029430883
463,1852,17083,0.9460844369770264
464,1856,17100,0.9635372825289977
465,1860,17122,1.4576598986811597
466,1864,17152,0.9307257723999438
467,1868,17166,0.9503782974439792
468,1872,17179,0.8681066023377548
469,1876,17194,0.938147115970346
470,1880,17219,1.0820652686641323
471,1884,17257,1.196012193172639
472,1888,17273,0.6302739729628681
473,1892,17303,1.244192363002261
474,1896,17324,1.176976110929651
475,1900,17353,0.7924187138046769
476,1904,17381,1.04824392018009
477,1908,17403,0.7242057833531352
478,1912,17415,1.3706571037855417
479,1916,17439,0.5819781399595509
480,1920,17459,1.1514622963021097
481,1924,17479,0.9006753321411173
482,1928,17518,0.8550733554094776
483,1932,17553,1.2799862908387842
484,1936,17590,0.783363793639483
485,1940,17608,1.0331888120519634
486,1944,17633,1.5086283586966958
487,1948,17663,0.890906272474209
488,1952,17675,0.9042177019810606
489,1956,17702,1.1732378193362798
490,1960,17734,1.3714846239623937
491,1964,17755,0.8339763264117549
492,1968,17770,0.8400190564202672
493,1972,17784,1.6945320273325497
494,1976,17804,1.3059089782792292
495,1980,17831,1.1048724636045124
496,1984,17848,1.1084177411070046
497,1988,17871,1.381928308281457
498,1992,17895,1.293321668743987
499,1996,17918,0.8318364380458346
500,2000,17942,1.0005497135299788
501,2004,17964,1.045794943150157
502,2008,17986,1.0985640048333094
503,2012,18016,1.0082644486206225
504,2016,18044,1.1556438680736663
505,2020,18071,1.4712076340972462
506,2024,18097,0.5174237896346763
507,2028,18116,0.8603549969077857
508,2032,18132,-1.1605476744296586
509,2036,18157,1.5996992827862133
510,2040,18188,0.9800566870496391
511,2044,18210,1.0270635025296762
512,2048,18230,1.2079629895790926
513,2052,18254,1.1559803366826953
514,2056,18284,0.7030144708892021
515,2060,18308,0.8953700706862866
516,2064,18338,0.9281819342465515
517,2068,18364,1.332605987848698
518,2072,18398,1.0054362433612818
519,2076,18423,1.004020410020021
520,2080,18443,1.139367961144104
521,2084,18462,1.1578183517587863
522,2088,18488,0.7254268118333871
523,2092,18514,0.6411644534781037
524,2096,18526,1.2986206603469996
525,2100,18552,0.9434363170881105
526,2104,18573,1.0522855583772603
527,2108,18599,0.8243076320123262
528,2112,18635,0.9049271217554012
529,2116,18649,0.9839090034721937
530,2120,18694,1.1520110081259376
531,2124,18723,1.01229923959962
532,2128,18746,0.9987887149911869
533,2132,18773,0.7233688429920033
534,2136,18787,1.0744427043648463
535,2140,18815,0.872402757737438
536,2144,18833,1.4586045545226267
537,2148,18859,1.189884449435001
538,2152,18882,1.2283962084429902
539,2156,18917,0.5457927787091976
540,2160,18951,0.8716013103945228
541,2164,18977,1.1977266925442496
542,2168,18999,1.2619935908198963
543,2172,19014,0.8442100463157033
544,2176,19028,1.2450120735114665
545,2180,19046,1.554022152872335
546,2184,19068,1.1944757576799638
547,2188,19098,1.2465454060953054
548,2192,19109,0.9715169738186574
549,2196,19129,1.3014888462797876
550,2200,19147,0.7767114225380399
551,2204,19181,0.7588105682133105
552,2208,19201,1.145481393715843
553,2212,19221,0.408547026928501
554,2216,19247,1.3001356284381544
555,2220,19271,1.1651352962088017
556,2224,19293,0.8440416945846391
557,2228,19314,1.006357257988115
558,2232,19345,0.9163627519817954
559,2236,19369,0.6736177223024029
560,2240,19400,1.0380005018877927
561,2244,19445,0.9695427698654004
562,2248,19473,0.9245116887626501
563,2252,19493,0.9728460381968614
564,2256,19511,1.1779079571597717
565,2260,19541,0.9861790035259712
566,2264,19559,1.0824556345792657
567,2268,19580,0.7925752357422047
568,2272,19606,0.8783645309416238
569,2276,19624,0.9874868097689683
570,2280,19659,0.7774515565444934
571,2284,19688,0.9808814173719641
572,2288,19714,1.1263267656555307
573,2292,19727,1.4758193005048121
574,2296,19747,0.738752439484434
575,2300,19769,1.0732418815185392
576,2304,19797,1.0937152556894352
577,2308,19828,1.1591355079727965
578,2312,19851,0.8684883253303187
579,2316,19870,1.1996698947039515
580,2320,19892,1.2103142036568768
581,2324,19912,1.2526113810289634
582,2328,19938,0.8720494364107834
583,2332,19966,0.8015237071839624
584,2336,19997,1.1783997285284524
585,2340,20020,1.2792931688292608
586,2344,20047,1.0412511589735969
587,2348,20073,-0.7671015967206855
588,2352,20101,0.904487599366337
589,2356,20116,1.121156043399729
590,2360,20134,1.341520678500934
591,2364,20162,0.6453375309151049
592,2368,20176,0.8294765103784089
593,2372,20201,1.0236913497599671
594,2376,20215,1.1212159956368668
595,2380,20235,0.8204480069699135
596,2384,20272,0.6445877852133169
597,2388,20299,1.0780849522395006
598,2392,20317,0.9076145934406953
599,2396,20337,0.8316422944148079
600,2400,20374,0.7490796522027436
601,2404,20408,1.4364041389899747
602,2408,20426,0.7727529179231057
603,2412,20450,0.9663015578921079
604,2416,20476,1.1313905692654584
605,2420,20497,0.8896058536261904
606,2424,20512,1.0738412430769493
607,2428,20539,1.0290952335637122
608,2432,20554,1.0490751118923025
609,2436,20596,0.9933200195517541
610,2440,20626,1.0919397375895425
611,2444,20663,1.3581703240708154
612,2448,20698,0.8196429962265581
613,2452,20717,0.6342746426758475
614,2456,20738,1.05552589055116
615,2460,20767,0.828676833195656
616,2464,20799,1.0983179760163697
617,2468,20823,-0.9606169865741004
618,2472,20853,0.979196496079334
619,2476,20875,0.696330412474992
620,2480,20890,0.5962666958242435
621,2484,20914,0.6086945876365129
622,2488,20932,0.7899128360686929
623,2492,20952,0.9131257884097919
624,2496,20965,1.2222652173086164
625,2500,20996,1.1989731175212426
626,2504,21015,0.9251355833674061
627,2508,21042,0.9548385805774758
628,2512,21067,0.8741310464918527
629,2516,21093,1.3621342973714994
630,2520,21107,0.8463106356888791
631,2524,21126,0.7854742172715712
632,2528,21151,1.1521495999286777
633,2532,21180,1.0784507299523074
634,2536,21202,1.0226969176676948
635,2540,21222,1.2703925361937023
636,2544,21245,0.7927070397352954
637,2548,21283,0.9119992876809436
638,2552,21300,1.0241356421537022
639,2556,21321,0.989896980482917
640,2560,21348,1.0460192992213462
641,2564,21367,0.988618645395658
642,2568,21390,1.1436142661263167
643,2572,21417,0.9360623834923144
644,2576,21439,1.1935921124179913
645,2580,21455,0.8883109986098546
646,2584,21480,1.4230004320838754
647,2588,21495,0.8904886881978855
648,2592,21512,1.3113419749973971
649,2596,21532,0.8401746885059569
650,2600,21552,0.9525131429233595
651,2604,21574,0.7769694135834704
652,2608,21601,1.046487232665987
653,2612,21617,0.8146343340904884
654,2616,21636,1.0613261040249455
655,2620,21653,0.9320386060041688
656,2624,21670,1.0069746223357694
657,2628,21693,0.8891767850889549
658,2632,21712,-0.9931106743483497
659,2636,21733,0.6337479021422783
660,2640,21749,0.6983486709297236
661,2644,21766,1.0704942264605493
662,2648,21795,1.0426585028578819
663,2652,21815,1.1002381928011098
664,2656,21844,0.6809421689532873
665,2660,21859,0.867704514115232
666,2664,21889,1.181193230131281
667,2668,21917,0.9575399842142577
668,2672,21931,0.8284164718948652
669,2676,21962,0.6888493240344087
670,2680,21987,0.9251508883480447
671,2684,22007,1.1093550283527678
672,2688,22024,1.4839489655965803
673,2692,22039,0.9507535426192752
674,2696,22062,0.9865254853670914
675,2700,22091,1.287281713563196
676,2704,22114,0.7224747949868405
677,2708,22139,1.1235177127145621
678,2712,22181,0.7832163259954725
679,2716,22197,0.535980627175151
680,2720,22218,1.059969604619627
681,2724,22231,1.084854289106345
682,2728,22260,1.2956484271903455
683,2732,22274,0.8975091650048448
684,2736,22302,1.1741810747081867
685,2740,22329,0.9137722590562085
686,2744,22353,0.8530238863912475
687,2748,22376,1.3289445916064184
688,2752,22398,1.104387162087115
689,2756,22428,1.3325572778440122
690,2760,22455,1.515524641048783
691,2764,22476,1.171064601733768
692,2768,22502,0.9860195198073171
693,2772,22534,1.4334225912718377
694,2776,22563,1.0108869255580655
695,2780,22580,1.153036061263911
696,2784,22601,1.1623178600833097
697,2788,22611,1.099421763331132
698,2792,22631,0.970774390434797
699,2796,22657,1.111326427413606
700,2800,22683,0.9400523351563889
701,2804,22700,1.0413386099576267
702,2808,22723,0.8781475042136971
703,2812,22751,0.9912950737501778
704,2816,22774,0.8070666815251271
705,2820,22795,1.3167606498821542
706,2824,22822,1.3184944565831804
707,2828,22840,0.5774386733297823
708,2832,22860,1.2335555619796235
709,2836,22887,0.7153196991144993
710,2840,22901,1.10572243131228
711,2844,22930,1.032130968443164
712,2848,22953,-1.0000680252288665
713,2852,22969,0.7296207347812311
714,2856,22998,1.0298009767742684
715,2860,23017,0.7279187271975613
716,2864,23043,1.0011731543710387
717,2868,23071,0.5407821301964464
718,2872,23094,1.1652566829134496
719,2876,23121,1.1378662501251366
720,2880,23139,0.9687050724637392
721,2884,23155,0.7652516084518497
722,2888,23178,0.8066628464073184
723,2892,23212,1.2312198297141044
724,2896,23235,0.6430541794193723
725,2900,23258,0.7347199852419956
726,2904,23282,0.7805661531930241
727,2908,23303,0.9453021743887162
728,2912,23327,1.0018338325441332
729,2916,23348,1.431251532653168
730,2920,23367,1.2334076309252366
731,2924,23382,0.8047846365293485
732,2928,23430,0.7947241732591384
733,2932,23463,0.8197476557071206
734,2936,23486,0.9153035750844168
735,2940,23505,0.7633867781183917
736,2944,23551,0.9434915420270021
737,2948,23572,1.0634899445088437
738,2952,23583,1.246883128863769
739,2956,23600,1.1610207851374432
740,2960,23612,1.1582070404319538
741,2964,23631,0.9556885586688222
742,2968,23650,1.0444855827703494
743,2972,23688,0.9937120230734953
744,2976,23716,1.1544273247886923
745,2980,23739,1.409779233429285
746,2984,23758,0.806274308815692
747,2988,23776,1.0685225016952966
748,2992,23797,1.0440286969646786
749,2996,23818,1.0950879367697781
750,3000,23852,0.4985377528100161
751,3004,23888,0.9534366489778012
752,3008,23908,0.794508320006731
753,3012,23922,0.5880362265268347
754,3016,23953,1.2330049832789327
755,3020,23979,0.973440933087535
756,3024,23998,0.20847115723169798
757,3028,24023,1.175468122010458
758,3032,24037,1.214780196917191
759,3036,24055,1.2841147254400487
760,3040,24069,1.0444388419829238
761,3044,24089,1.0274351833972881
762,3048,24131,0.8489524821846772
763,3052,24158,0.9233849273581813
764,3056,24181,0.7968816768559274
765,3060,24225,0.5566105801174897
766,3064,24244,1.2201208224568076
767,3068,24268,1.182412714680523
768,3072,24296,0.8928937316597062
769,3076,24316,1.284174378067947
770,3080,24340,1.193526234674416
771,3084,24356,-0.3340441519966853
772,3088,24404,0.9373859842850019
773,3092,24414,0.6813922165151112
774,3096,24434,0.8249534476163793
775,3100,24471,1.343762435180571
776,3104,24498,1.3384162388311887
777,3108,24524,1.1032483434814253
778,3112,24538,1.067616545285617
779,3116,24550,1.1071606799144453
780,3120,24574,1.2961851812868055
781,3124,24594,1.1516760555463545
782,3128,24620,1.001391497456045
783,3132,24645,1.556963459405505
784,3136,24661,0.9042593333228273
785,3140,24679,0.9102248942718079
786,3144,24702,1.2671175205099323
787,3148,24718,1.2120342322610098
788,3152,24736,-0.1601276145426723
789,3156,24753,1.0337762251131932
790,3160,24775,0.9840669585846906
791,3164,24814,0.9002496549901218
792,3168,24842,1.1902380589014538
793,3172,24866,1.4092421325038884
794,3176,24904,1.243862430053734
795,3180,24930,0.9244484391330108
796,3184,24946,0.9464586970995321
797,3188,24956,0.9427349392359385
798,3192,24978,0.9710753698478007
799,3196,24994,0.8256276105141231
800,3200,25018,0.9709436490413654
801,3204,25041,1.445389419570211
802,3208,25069,1.3722529914763206
803,3212,25089,1.224421612502904
804,3216,25109,0.8885078406292515
805,3220,25138,0.8146995226385066
806,3224,25160,0.9255640277770497
807,3228,25173,0.7436625576585989
808,3232,25193,1.2498431082317973
809,3236,25213,0.6245992285190745
810,3240,25234,1.203847730100552
811,3244,25262,0.8431875417277923
812,3248,25280,0.926482543953286
813,3252,25294,1.1586491829917516
814,3256,25321,0.9449504933423086
815,3260,25336,0.6993010114246987
816,3264,25357,1.2716953850277561
817,3268,25379,0.8655650958995192
818,3272,25397,0.9219029262382065
819,3276,25425,0.8458870368478999
820,3280,25442,0.860959668209629
821,3284,25477,1.2509554796083973
822,3288,25511,0.996526770636205
823,3292,25542,0.708197359285188
824,3296,25556,0.9623167780030037
825,3300,25583,0.9260964173188893
826,3304,25620,1.0583674667565486
827,3308,25642,0.9408998382968191
828,3312,25663,1.4015136536667878
829,3316,25681,0.8254510202042068
830,3320,25695,0.7331124867722407
831,3324,25713,0.7807752990900647
832,3328,25750,0.9258879196643606
833,3332,25784,0.8505707473196359
834,3336,25824,1.0346792185415892
835,3340,25848,0.8457421728684219
836,3344,25890,0.9021600589430723
837,3348,25919,0.9028867823307382
838,3352,25959,0.8621174097491632
839,3356,25997,0.9989137070677913
840,3360,26023,1.1015398904366713
841,3364,26046,0.3554661883690198
842,3368,26064,0.8186095647073276
843,3372,26084,0.8179808299036806
844,3376,26111,1.0057056755620923
845,3380,26128,0.028868377621314445
846,3384,26150,0.9145663235422851
847,3388,26190,1.2059189876475314
848,3392,26221,0.8218342709608131
849,3396,26252,1.2122669692958554
850,3400,26310,1.1036249472548698
851,3404,26336,0.8206049791357962
852,3408,26364,1.160524987275771
853,3412,26392,1.3134707540860766
854,3416,26430,1.0884873264591868
855,3420,26446,0.1654058490108486
856,3424,26476,1.0401374340195566
857,3428,26501,1.101778223043415
858,3432,26519,1.0032324453111165
859,3436,26570,-0.3359331411067942
860,3440,26584,0.7152623454705638
861,3444,26609,1.0655419380900655
862,3448,26629,1.048272877373912
863,3452,26666,1.256145176108207
864,3456,26691,0.9681154793938852
865,3460,26721,0.9657376365257487
866,3464,26739,1.0454785810801548
867,3468,26756,0.9899714948155716
868,3472,26793,1.178058538444255
869,3476,26815,1.1275676971701178
870,3480,26843,1.303862113703851
871,3484,26863,1.0418597037849107
872,3488,26885,0.8722210730887234
873,3492,26907,0.7931248988512718
874,3496,26929,1.0028524387514817
875,3500,26957,0.8063990096871796
876,3504,26982,0.659128978875011
877,3508,27007,1.1258667824100634
878,3512,27023,0.9670212777642188
879,3516,27044,1.0913337355197612
880,3520,27061,0.8147885481876982
881,3524,27091,1.1621120321090612
882,3528,27126,0.9112704366462356
883,3532,27153,0.9846957660841879
884,3536,27169,0.7975016343361445
885,3540,27194,1.3237036832076792
886,3544,27215,0.2866170751726816
887,3548,27232,0.8602398309526182
888,3552,27255,1.3116371614971887
889,3556,27273,0.8511581646881313
890,3560,27305,1.00658234624727
891,3564,27340,0.8258443893226308
892,3568,27368,1.181207726489124
893,3572,27388,1.0760481092189056
894,3576,27412,1.0133289941177603
895,3580,27429,0.7060831670242228
896,3584,27457,1.1472589227517422
897,3588,27486,1.3169741977234253
898,3592,27521,0.1730605050610795
899,3596,27554,0.45179202351300013
900,3600,27584,0.16181042538274135
901,3604,27603,0.8999001174425939
902,3608,27624,0.7420062241788781
903,3612,27652,0.893903376577161
904,3616,27674,1.0525949974483688
905,3620,27701,1.2087065639353252
906,3624,27721,1.1068455940464499
907,3628,27746,0.898123387659713
908,3632,27778,0.7926283268937742
909,3636,27815,0.833410247224523
910,3640,27828,0.9676728867672775
911,3644,27850,1.435201538764605
912,3648,27874,0.6300371175944808
913,3652,27935,1.1127037362634535
914,3656,27955,0.9225484025210243
915,3660,27964,0.980849449431153
916,3664,27986,0.9157955762180335
917,3668,27999,0.8388490930041942
918,3672,28016,0.9821800247439818
919,3676,28030,0.8788898507604076
920,3680,28058,0.9201377630139881
921,3684,28076,1.035036468594923
922,3688,28100,0.7163799928069916
923,3692,28123,1.7843133241665592
924,3696,28138,1.017288723629356
925,3700,28157,0.6519928192824656
926,3704,28174,1.1821784309412666
927,3708,28192,0.6986068474439655
928,3712,28207,0.8746636145766219
929,3716,28228,1.2357080293195952
930,3720,28253,1.1950386188225857
931,3724,28277,0.8426354754826962
932,3728,28307,0.6554353995883843
933,3732,28322,1.1524858433070886
934,3736,28342,0.8269187981507342
935,3740,28383,1.0701862676457596
936,3744,28406,1.120046184912302
937,3748,28427,0.6395269227076148
938,3752,28445,1.1661032342961009
939,3756,28475,1.2007377854852894
940,3760,28510,1.0000317717209135
941,3764,28523,0.9482770084116106
942,3768,28554,0.9837372121515005
943,3772,28572,1.1541284450933251
944,3776,28584,0.5270647027196599
945,3780,28605,-0.12600748036148232
946,3784,28639,1.0797243197818678
947,3788,28664,-0.24837196445262344
948,3792,28682,0.9328707441372581
949,3796,28701,1.2913538136919662
950,3800,28724,1.023226738001637
951,3804,28758,1.0856244619521558
952,3808,28775,0.9521178106561692
953,3812,28792,1.1250892065402673
954,3816,28815,1.4172177943360849
955,3820,28847,0.8224578177368043
956,3824,28874,0.5624722456020659
957,3828,28897,0.7268463162236329
958,3832,28911,1.2230184250165015
959,3836,28946,1.064782117427427
960,3840,28982,1.2037239740839842
961,3844,29014,0.9378913959528075
962,3848,29033,0.8953894862196141
963,3852,29054,0.7182223680887189
964,3856,29069,0.8388759442395178
965,3860,29086,1.0827827339960707
966,3864,29101,1.230383707305246
967,3868,29130,0.7162737152915717
968,3872,29148,0.5847214990395381
969,3876,29181,0.9851045438369186
970,3880,29205,0.620378026538939
971,3884,29218,1.3425622292194668
972,3888,29236,0.8302671683477403
973,3892,29255,1.3991544132872697
974,3896,29289,1.0927085302108361
975,3900,29314,1.5128066517030012
976,3904,29338,0.6721082870742907
977,3908,29357,1.0701291239349888
978,3912,29370,0.8915831870240061
979,3916,29392,1.0236900618779816
980,3920,29409,0.8704436816876457
981,3924,29427,0.9641455526032227
982,3928,29445,0.9114058817819828
983,3932,29463,0.9625974729881843
984,3936,29476,0.8444891491312991
985,3940,29495,0.8960402879450753
986,3944,29517,0.8687519785744559
987,3948,29533,0.9718587914018373
988,3952,29552,0.8935131030743942
989,3956,29569,0.6840648594779937
990,3960,29589,1.2310328029864679
991,3964,29608,0.948753274900368
992,3968,29627,1.1744550992723455
993,3972,29647,0.5625109892998066
994,3976,29659,1.103707264620884
995,3980,29687,0.7080739226035712
996,3984,29705,1.3906206614561407
997,3988,29724,1.0980862745219035
998,3992,29739,0.9677226689488065
999,3996,29765,0.8849344209544822
1000,4000,29781,-1.11856753319232
1001,4004,29812,1.1353827468120568
1002,4008,29827,1.0915130047149348
1003,4012,29851,0.9469564739869902
1004,4016,29870,0.38475279215400826
1005,4020,29880,1.1144773647971202
1006,4024,29901,0.7677305805713156
1007,4028,29917,1.0454425580822992
1008,4032,29930,1.021536757828107
1009,4036,29951,0.9317956393487081
1010,4040,29991,1.122003936977381
1011,4044,30007,0.9626805852198006
1012,4048,30042,1.5005561230394384
1013,4052,30063,0.8881736510878753
1014,4056,30076,1.0354243038656983
1015,4060,30088,0.9553727814957771
1016,4064,30107,0.9591277550977263
1017,4068,30139,0.7894247230785811
1018,4072,30156,1.197663608402445
1019,4076,30174,0.9585554256254635
1020,4080,30202,0.8790058239791833
1021,4084,30215,1.1437397446363464
1022,4088,30239,0.14087953905649278
1023,4092,30255,1.1469338919441436
1024,4096,30275,0.7983489979136251
1025,4100,30298,0.9799795602735958
1026,4104,30329,0.9681907406940808
1027,4108,30345,1.1275116611218878
1028,4112,30362,0.9216722824621073
1029,4116,30382,1.0439260109208035
1030,4120,30404,1.1417621393676018
1031,4124,30432,0.7605122882688766
1032,4128,30447,0.8721926400271629
1033,4132,30470,0.7934605505145239
1034,4136,30487,1.0054226201928744
1035,4140,30505,1.4808731480968351
1036,4144,30525,0.7288177767529904
1037,4148,30545,1.0220151175060554
1038,4152,30570,1.0478659249338396
1039,4156,30592,1.1678675598513752
1040,4160,30618,1.1081371251474132
1041,4164,30637,0.9178325815088977
1042,4168,30654,0.7591452599249224
1043,4172,30694,0.9658880842239594
1044,4176,30722,0.9304344797162758
1045,4180,30761,1.1929732899343857
1046,4184,30783,0.8490561739841912
1047,4188,30823,0.8615827109330826
1048,4192,30868,1.1843962852146137
1049,4196,30891,1.1018136762778763
1050,4200,30910,1.0391285248684896
1051,4204,30921,0.5814160778522298
1052,4208,30940,1.1002896776828828
1053,4212,30958,0.9943939495620764
1054,4216,30973,1.0228784019757728
1055,4220,30996,0.6773243695790967
1056,4224,31019,1.0907339152793778
1057,4228,31038,0.772041438949657
1058,4232,31062,0.8119361859111606
1059,4236,31078,1.3700222084777351
1060,4240,31097,1.0007975117692474
1061,4244,31122,0.4617696191543901
1062,4248,31145,0.4101678086290089
1063,4252,31165,0.9465210045302619
1064,4256,31180,1.1845494749520922
1065,4260,31203,1.153689138154614
1066,4264,31230,1.1851616446703814
1067,4268,31246,1.0116953246292526
1068,4272,31270,0.9212799672493939
1069,4276,31300,0.2993082484605941
1070,4280,31320,0.8081746997241366
1071,4284,31353,-0.8382985370569358
1072,4288,31378,1.112545841415783
1073,4292,31391,0.7944652781972589
1074,4296,31412,0.9979266755661335
1075,4300,31428,0.25080646246766347
1076,4304,31443,0.7998363457995163
1077,4308,31467,1.168906445675407
1078,4312,31483,0.9567135654464894
1079,4316,31503,0.7419428051902948
1080,4320,31523,0.8893813671871972
1081,4324,31542,0.08440924200071111
1082,4328,31557,0.5653589554907916
1083,4332,31584,1.007647531531642
1084,4336,31600,0.9956954869026196
1085,4340,31625,1.095266629670155
1086,4344,31646,0.7139682089193458
1087,4348,31664,1.171327990206285
1088,4352,31706,0.38462346753106663
1089,4356,31725,0.9181518528802685
1090,4360,31740,0.95363915236943
1091,4364,31762,0.8327665124981981
1092,4368,31777,1.1721190233526113
1093,4372,31810,1.1211579291607805
1094,4376,31827,1.536855450932408
1095,4380,31846,1.1835098134452582
1096,4384,31867,1.0926981737529688
1097,4388,31884,0.8477722512930728
1098,4392,31939,1.1484217382610211
1099,4396,31961,1.118481306491392
1100,4400,31987,1.1605547885202427
1101,4404,32008,0.9969153886970271
1102,4408,32038,0.28537162491055856
1103,4412,32067,1.1083161387837535
1104,4416,32077,0.9506070740046899
1105,4420,32090,1.3034314797478446
1106,4424,32120,1.4707201699770744
1107,4428,32143,-0.9122985270144276
1108,4432,32161,1.1469513579932586
1109,4436,32183,1.1120547501863502
1110,4440,32204,0.9705404492321971
1111,4444,32219,0.653684062547468
1112,4448,32247,0.9011160111435267
1113,4452,32271,1.0026282177531374
1114,4456,32291,0.8712800943731341
1115,4460,32338,1.1482503195295375
1116,4464,32359,0.7742628031953038
1117,4468,32375,1.0367048013426658
1118,4472,32390,1.2554983351184146
1119,4476,32402,1.0706018723653041
1120,4480,32417,0.9844358647689624
1121,4484,32435,1.1285640556257817
1122,4488,32452,0.7906845349968346
1123,4492,32470,0.8753635473198126
1124,4496,32497,0.6628783828479021
1125,4500,32514,1.2667408278599714
1126,4504,32535,1.2307437682725404
1127,4508,32554,1.168004225292834
1128,4512,32578,0.6962825964455762
1129,4516,32589,0.8018154101980413
1130,4520,32623,1.0565002511950465
1131,4524,32654,1.250923060927262
1132,4528,32673,0.8505094944005384
1133,4532,32696,0.7484897788968887
1134,4536,32712,0.8793636531876179
1135,4540,32742,1.100775175529266
1136,4544,32772,1.0304800635627027
1137,4548,32806,1.0443679971687203
1138,4552,32823,0.7438224229301666
1139,4556,32842,1.250293298243416
1140,4560,32857,0.9776780133855265
1141,4564,32884,0.8304689990837564
1142,4568,32902,0.9876400103914108
1143,4572,32940,1.1862165059446235
1144,4576,32973,0.8830335054038121
1145,4580,32983,-0.47623355958203506
1146,4584,32999,1.4368872274828695
1147,4588,33021,1.141188842388243
1148,4592,33036,1.5349351920243812
1149,4596,33092,1.0890619421510332
1150,4600,33111,0.8966572692867253
1151,4604,33125,0.8884835698765596
1152,4608,33154,0.9551309582246217
1153,4612,33173,0.9895200534083064
1154,4616,33208,0.7447132772203104
1155,4620,33225,1.1183217266126748
1156,4624,33245,0.7777850916124115
1157,4628,33275,1.0170912489171964
1158,4632,33289,1.0953947482166204
1159,4636,33308,0.9104837261163676
1160,4640,33319,0.9129999715805681
1161,4644,33348,0.996218176843231
1162,4648,33365,1.2080004508479627
1163,4652,33395,1.0078542663455219
1164,4656,33415,0.9469364293781439
1165,4660,33434,1.0969932477441362
1166,4664,33451,1.019503232884911
1167,4668,33464,0.7502614028838611
1168,4672,33481,1.0642630417392378
1169,4676,33503,1.1242436319394635
1170,4680,33520,0.29678418221559066
1171,4684,33555,1.2206338756819732
1172,4688,33571,0.9912075936315154
1173,4692,33589,1.1432638481447317
1174,4696,33605,0.9696585983143313
1175,4700,33623,0.9679807061073096
1176,4704,33643,1.026323161610938
1177,4708,33665,1.0222695857337016
1178,4712,33681,1.0914935398004877
1179,4716,33720,0.8643068856949135
1180,4720,33733,0.9424321485443141
1181,4724,33747,0.9014512147254184
1182,4728,33768,0.8339145081064867
1183,4732,33785,1.0301871381917946
1184,4736,33815,1.0313136131247866
1185,4740,33828,1.0759482912954057
1186,4744,33845,0.9991310982926656
1187,4748,33869,0.4926409836442518
1188,4752,33899,1.0791710817145155
1189,4756,33933,1.154919950135953
1190,4760,33952,1.2016026427268365
1191,4764,33963,1.1685647088980722
1192,4768,33989,0.9296511323296072
1193,4772,34000,1.052679403824443
1194,4776,34016,0.9414097090823826
1195,4780,34027,0.9237589375247467
1196,4784,34055,1.3208132040206886
1197,4788,34071,0.06352520008671857
1198,4792,34088,0.9725982931366117
1199,4796,34108,0.9193562307914698
1200,4800,34128,0.9966002397920836
1201,4804,34144,-0.16036048649474985
1202,4808,34196,1.286522145483382
1203,4812,34219,-0.21580227646222827
1204,4816,34233,1.1105744534791306
1205,4820,34261,1.070887033327199
1206,4824,34286,0.6537792642893502
1207,4828,34303,1.1695370410371233
1208,4832,34325,1.2080519126598581
1209,4836,34346,1.3946095905213418
1210,4840,34382,1.1699250109423285
1211,4844,34402,-0.3291966997792458
1212,4848,34469,0.7966037953446836
1213,4852,34495,0.9754496063356
1214,4856,34517,1.1499892352156174
1215,4860,34531,1.3439453153444476
1216,4864,34549,1.1927654561847605
1217,4868,34571,1.3270317647752015
1218,4872,34591,0.7893557715702338
1219,4876,34622,0.07446972457520645
1220,4880,34659,0.8580468153509746
1221,4884,34689,1.091478534145864
1222,4888,34724,0.6277714679246267
1223,4892,34738,1.2646286548125707
1224,4896,34775,0.9400008206129176
1225,4900,34811,1.0451106424582455
1226,4904,34844,0.9805810697008396
1227,4908,34863,1.1281040079474476
1228,4912,34887,1.2011720090568687
1229,4916,34898,1.0201001919608954
1230,4920,34919,0.9520378306186682
1231,4924,34935,0.8239264187244775
1232,4928,34959,-0.5063198377079505
1233,4932,34980,0.9784370205010616
1234,4936,35007,0.8552953589393519
1235,4940,35041,1.061418712084017
1236,4944,35083,1.0240352888854005
1237,4948,35123,1.0843776229633184
1238,4952,35140,0.8843053333741777
1239,4956,35179,1.088429614079592
1240,4960,35197,0.7552846247329459
1241,4964,35227,1.3059818346029302
1242,4968,35247,0.6314379756739537
1243,4972,35281,1.2300855662645442
1244,4976,35296,1.0662086210860848
1245,4980,35311,0.8983424114712456
1246,4984,35363,1.1413290798409654
1247,4988,35391,1.1716657134923396
1248,4992,35406,1.1409671471454799
1249,4996,35423,1.0137537960787966
